{
    "ID": "Think",
    "Name": "Thingspeakadapter",
    "Type": "Adapter",
    "available services":[
        "MQTT",
        "REST"
    ],
    "serviceDetails": [
        {
            "serviceType": "MQTT",
            "topicS": "SmartTrafficLight/Sensor/A/#",
            "topictemp": "SmartTrafficLight/Led/A/temp"
        }
    ],
    "Thingspeak": {
        "base_url": "https://api.thingspeak.com/update?api_key=",
        "key": "LB7Y8LZTC7GIYP8L",
        "url_read": "https://thingspeak.com/channels/2098201"
      }
}