{"lastUpdate": 1687426010.5125678, "base_topic": "SmartTrafficLight", "broker": {"IP": "test.mosquitto.org", "port": 1883}, "resourcesList": [{"ID": "A_c_1", "Name": "DHT11", "Type": "CarPresence", "zone": "A", "status": "OK", "availableServices": ["MQTT"], "servicesDetails": [{"serviceType": "MQTT", "topic": "SmartTrafficLight/Sensor/A/1"}], "Thingspeak": {"base_url": "https://api.thingspeak.com/update?api_key=", "key": "LB7Y8LZTC7GIYP8L", "url_read": "https://thingspeak.com/channels/2098201"}, "lastUpdate": 1687426002.1018243}, {"ID": "Think", "Name": "Thingspeakadapter", "Type": "Adapter", "available services": ["MQTT", "REST"], "serviceDetails": [{"serviceType": "MQTT", "topicS": "SmartTrafficLight/Sensor/A/#", "topictemp": "SmartTrafficLight/Led/A/temp"}], "Thingspeak": {"base_url": "https://api.thingspeak.com/update?api_key=", "key": "LB7Y8LZTC7GIYP8L", "url_read": "https://thingspeak.com/channels/2098201"}, "lastUpdate": 1687426003.6446416}, {"ID": 888, "Name": "LedManagerA", "Type": "LedManager", "zone": "A", "status": "OK", "availableServices": ["MQTT"], "serviceDetails": [{"serviceType": "MQTT", "topicS": "SmartTrafficLight/Sensor/A/#", "topicP": "SmartTrafficLight/Led/A"}], "lastUpdate": 1687426004.3130813}, {"ID": "A_p_1", "Name": "DFRobot_Digital_Button", "Type": "PeoplePresence", "zone": "A", "status": "OK", "availableServices": ["MQTT"], "servicesDetails": [{"serviceType": "MQTT", "topic": "SmartTrafficLight/Sensor/A/1"}], "Thingspeak": {"base_url": "https://api.thingspeak.com/update?api_key=", "key": "LB7Y8LZTC7GIYP8L", "url_read": "https://thingspeak.com/channels/2098201"}, "lastUpdate": 1687426005.1177657}, {"ID": "A_led_1", "Name": "Traffic_light_LED", "Type": "LED", "zone": "A", "status": "OK", "availableServices": ["MQTT"], "servicesDetails": [{"serviceType": "MQTT", "topic": "SmartTrafficLight/Led/A/1", "topic_zone": "SmartTrafficLight/Led/A", "topicP": "SmartTrafficLight/Led/A/temp"}], "timer": 20, "duty_cycle": 5, "Thingspeak": {"base_url": "https://api.thingspeak.com/update?api_key=", "key": "LB7Y8LZTC7GIYP8L", "url_read": "https://thingspeak.com/channels/2098201"}, "lastUpdate": 1687426010.5125678}]}