{
      "ID": "A_p_1",
      "Name": "DFRobot_Digital_Button",
      "Type": "PeoplePresence",
      "zone": "A",
      "status": "OK",
      "availableServices": [
        "MQTT"
      ],
      "servicesDetails": [
        {
          "serviceType": "MQTT",
          "topic": "SmartTrafficLight/Sensor/A/1"
        }
      ],
      "Thingspeak": {
        "base_url": "https://api.thingspeak.com/update?api_key=",
        "key": "LB7Y8LZTC7GIYP8L",
        "url_read": "https://thingspeak.com/channels/2098201"
      }
    }